"Category ID","Name","Custom URL","Image URL"
"1197","IA","/ia/",""
"7606","Office","/office/",""
"7607","Calendars, Planners & Personal Organizers","/office/calendars-planners-personal-organizers/",""
"7608","Appointment Book Refills","/office/calendars-planners-personal-organizers/appointment-book-refills/",""
"7609","Appointment Books","/office/calendars-planners-personal-organizers/appointment-books/",""
"7610","Calendars","/office/calendars-planners-personal-organizers/calendars/",""
"7611","Forms, Recordkeeping & Reference Materials","/office/forms-recordkeeping-reference-materials/",""
"7612","Address\Telephone Books","/office/forms-recordkeeping-reference-materials/address-telephone-books/",""
"7613","Paper & Printable Media","/office/paper-printable-media/",""
"7614","Teacher's Lesson Planners","/office/paper-printable-media/teachers-lesson-planners/",""
"7615","Ledgers\Journals","/office/forms-recordkeeping-reference-materials/ledgers-journals/",""
"7616","Calendar Refills","/office/calendars-planners-personal-organizers/calendar-refills/",""
"7617","Furniture","/office/furniture/",""
"7618","Literature Racks & Display Cases","/office/furniture/literature-racks-display-cases/",""
"7619","Literature Racks & Displays","/office/furniture/literature-racks-display-cases/literature-racks-displays/",""
"7620","Garment Racks & Hangers","/office/furniture/garment-racks-hangers/",""
"7621","Hangers\Hooks","/office/furniture/garment-racks-hangers/hangers-hooks/",""
"7622","Clothes Racks","/office/furniture/garment-racks-hangers/clothes-racks/",""
"7623","Food Service","/food-service/",""
"7624","Table Service","/food-service/table-service/","https://cdn11.bigcommerce.com/s-4ryvx738h/product_images/h/table%20service__40416.jpg"
"7625","Guest Checks","/food-service/table-service/guest-checks/",""
"7626","Ledger Sheets","/office/forms-recordkeeping-reference-materials/ledger-sheets/",""
"7627","Binders & Binding Supplies","/office/binders-binding-supplies/",""
"7628","Binders","/office/binders-binding-supplies/binders/",""
"7629","Forms","/office/forms-recordkeeping-reference-materials/forms/",""
"7630","Janitorial & Sanitation","/janitorial-sanitation/",""
"7631","First Aid & Health Supplies","/janitorial-sanitation/first-aid-health-supplies/","https://cdn11.bigcommerce.com/s-4ryvx738h/product_images/f/first%20aid%20%26%20health%20supplies__11633.jpg"
"7632","Medicines","/janitorial-sanitation/first-aid-health-supplies/medicines/",""
"7633","File Folders, Portable & Storage Box Files","/office/file-folders-portable-storage-box-files/",""
"7634","File Fasteners","/office/file-folders-portable-storage-box-files/file-fasteners/",""
"7635","Classification Folders","/office/file-folders-portable-storage-box-files/classification-folders/",""
"7636","Report Covers","/office/binders-binding-supplies/report-covers/",""
"7637","Binder Posts","/office/binders-binding-supplies/binder-posts/",""
"7638","Tape, Adhesives & Fasteners","/office/tape-adhesives-fasteners/",""
"7639","Clips\Clamps","/office/tape-adhesives-fasteners/clips-clamps/",""
"7640","Rubber Bands","/office/tape-adhesives-fasteners/rubber-bands/",""
"7641","General Office Accessories","/office/general-office-accessories/",""
"7642","Loose-Leaf Book Rings","/office/general-office-accessories/loose-leaf-book-rings/",""
"7643","Staplers & Punches","/office/staplers-punches/",""
"7644","Staplers","/office/staplers-punches/staplers/",""
"7645","Staples","/office/staplers-punches/staples/",""
"7646","Punches","/office/staplers-punches/punches/",""
"7647","Cutting & Measuring Devices","/office/cutting-measuring-devices/",""
"7648","Rulers","/office/cutting-measuring-devices/rulers/",""
"7649","Crafts & Recreation Room Products","/office/crafts-recreation-room-products/",""
"7650","Scissors","/office/crafts-recreation-room-products/scissors/",""
"7651","Trimmer Boards","/office/cutting-measuring-devices/trimmer-boards/",""
"7652","Hardware, Tools & Accessories","/janitorial-sanitation/hardware-tools-accessories/","https://cdn11.bigcommerce.com/s-4ryvx738h/product_images/u/hardware%20tools%20%26%20accessories__54081.jpg"
"7653","Replacement Blades","/janitorial-sanitation/hardware-tools-accessories/replacement-blades/",""
"7654","Drafting Kits","/office/general-office-accessories/drafting-kits/",""
"7655","Writing & Correction Supplies","/office/writing-correction-supplies/",""
"7656","Pencil & Crayon Sharpeners","/office/writing-correction-supplies/pencil-crayon-sharpeners/",""
"7657","Industrial","/janitorial-sanitation/industrial/","https://cdn11.bigcommerce.com/s-4ryvx738h/product_images/v/industrial__96447.jpg"
"7658","Hand Tools","/janitorial-sanitation/industrial/hand-tools/",""
"7659","Knives & Multi-Purpose Tools","/janitorial-sanitation/industrial/hand-tools/knives-multi-purpose-tools/",""
"7660","Letter Openers","/office/general-office-accessories/letter-openers/",""
"7661","Bandages","/janitorial-sanitation/first-aid-health-supplies/bandages/",""
"7662","Time Clocks","/office/forms-recordkeeping-reference-materials/time-clocks/",""
"7663","Time Clock Cards","/office/forms-recordkeeping-reference-materials/time-clock-cards/",""
"7664","Time Clock Accessories","/office/forms-recordkeeping-reference-materials/time-clock-accessories/",""
"7665","Correction Tapes","/office/writing-correction-supplies/correction-tapes/",""
"7666","Desk Accessories & Workspace Organizers","/office/desk-accessories-workspace-organizers/",""
"7667","Time Card Racks","/office/desk-accessories-workspace-organizers/time-card-racks/",""
"7668","Kitchen Supplies","/food-service/kitchen-supplies/","https://cdn11.bigcommerce.com/s-4ryvx738h/product_images/v/kitchen%20supplies__34792.jpg"
"7669","Cold & Hot Food Pans","/food-service/kitchen-supplies/cold-hot-food-pans/",""
"7670","Step Stools & Ladders","/janitorial-sanitation/hardware-tools-accessories/step-stools-ladders/",""
"7671","Bowls & Plates","/food-service/bowls-plates/","https://cdn11.bigcommerce.com/s-4ryvx738h/product_images/n/bowls%20%26%20plates__54997.jpg"
"7672","Plates","/food-service/bowls-plates/plates/",""
"7673","Beverages & Beverage Dispensers","/food-service/beverages-beverage-dispensers/","https://cdn11.bigcommerce.com/s-4ryvx738h/product_images/n/beverages%20%26%20beverage%20dispensers__51953.jpg"
"7674","Drink Mixes","/food-service/beverages-beverage-dispensers/drink-mixes/",""
"7675","Tables","/office/furniture/tables/",""
"7676","Tables","/office/furniture/tables/tables/",""
"7677","Chair Mats & Floor Mats","/office/furniture/chair-mats-floor-mats/",""
"7678","Floor Mats","/office/furniture/chair-mats-floor-mats/floor-mats/",""
"7679","Chairs, Stools & Seating Accessories","/office/furniture/chairs-stools-seating-accessories/",""
"7680","Chairs\Stools","/office/furniture/chairs-stools-seating-accessories/chairs-stools/",""
"7681","Technology","/office/technology/",""
"7682","Audio Visual Equipment & Accessories","/office/technology/audio-visual-equipment-accessories/",""
"7683","AV Mounts, Arms & Hardware","/office/technology/audio-visual-equipment-accessories/av-mounts-arms-hardware/",""
"7684","Batteries & Electrical Supplies","/office/batteries-electrical-supplies/",""
"7685","Cable Management","/office/batteries-electrical-supplies/cable-management/",""
"7686","Desks & Workstations","/office/furniture/desks-workstations/",""
"7687","Desks","/office/furniture/desks-workstations/desks/",""
"7688","Bookcases & Shelving","/office/furniture/bookcases-shelving/",""
"7689","Shelving Units\Bookcases","/office/furniture/bookcases-shelving/shelving-units-bookcases/",""
"7690","Back Supports, Footrests & Foot Stools","/office/furniture/back-supports-footrests-foot-stools/",""
"7691","Back Supports","/office/furniture/back-supports-footrests-foot-stools/back-supports/",""
"7692","Partitions & Panels","/office/furniture/partitions-panels/",""
"7693","Partition & Panel Accessories","/office/furniture/partitions-panels/partition-panel-accessories/",""
"7694","Chair Accessories","/office/furniture/chairs-stools-seating-accessories/chair-accessories/",""
"7695","HVAC","/janitorial-sanitation/industrial/hvac/",""
"7696","Air Cooling Equipment","/janitorial-sanitation/industrial/hvac/air-cooling-equipment/",""
"7697","Footrests","/office/furniture/back-supports-footrests-foot-stools/footrests/",""
"7698","Carts & Stands","/office/furniture/carts-stands/",""
"7699","Carts","/office/furniture/carts-stands/carts/",""
"7700","Air Cleaners, Fans, Heaters & Humidifiers","/janitorial-sanitation/air-cleaners-fans-heaters-humidifiers/","https://cdn11.bigcommerce.com/s-4ryvx738h/product_images/f/air%20cleaners%20fans%20heaters%20%26%20humidifiers__12589.jpg"
"7701","Heaters","/janitorial-sanitation/air-cleaners-fans-heaters-humidifiers/heaters/",""
"7702","Casters & Glides","/office/furniture/chairs-stools-seating-accessories/casters-glides/",""
"7703","Chair Arms","/office/furniture/chairs-stools-seating-accessories/chair-arms/",""
"7704","Keyboard Drawers\Platforms","/office/furniture/desks-workstations/keyboard-drawers-platforms/",""
"7705","File & Storage Cabinets","/office/furniture/file-storage-cabinets/",""
"7706","File Cabinet Accessories","/office/furniture/file-storage-cabinets/file-cabinet-accessories/",""
"7707","Room Accessories","/office/furniture/room-accessories/",""
"7708","Lamps","/office/furniture/room-accessories/lamps/",""
"7709","Hutches","/office/furniture/desks-workstations/hutches/",""
"7710","Chair Mats","/office/furniture/chair-mats-floor-mats/chair-mats/",""
"7711","File Cabinets","/office/furniture/file-storage-cabinets/file-cabinets/",""
"7712","Partition & Panel Systems","/office/furniture/partitions-panels/partition-panel-systems/",""
"7713","Reception Seating & Sofas","/office/furniture/reception-seating-sofas/",""
"7714","Reception Seating & Sofas","/office/furniture/reception-seating-sofas/reception-seating-sofas/",""
"7715","Labels & Stickers","/office/labels-stickers/",""
"7716","Label Holders","/office/labels-stickers/label-holders/",""
"7717","Furniture Doors","/office/furniture/desks-workstations/furniture-doors/",""
"7718","Utility Drawers","/office/furniture/desks-workstations/utility-drawers/",""
"7719","Safety & Security","/janitorial-sanitation/industrial/safety-security/",""
"7720","Locking Devices","/janitorial-sanitation/industrial/safety-security/locking-devices/",""
"7721","Furniture Hardware","/office/furniture/desks-workstations/furniture-hardware/",""
"7722","Storage Cabinets","/office/furniture/file-storage-cabinets/storage-cabinets/",""
"7723","Eye Protection","/janitorial-sanitation/industrial/safety-security/eye-protection/",""
"7724","Cleaning Tools","/janitorial-sanitation/cleaning-tools/","https://cdn11.bigcommerce.com/s-4ryvx738h/product_images/y/cleaning%20tools__25480.jpg"
"7725","Cleaning Cloths & Wipes","/janitorial-sanitation/cleaning-tools/cleaning-cloths-wipes/",""
"7726","Ergonomic Protection","/janitorial-sanitation/industrial/safety-security/ergonomic-protection/",""
"7727","Floor & Carpet Care","/janitorial-sanitation/floor-carpet-care/","https://cdn11.bigcommerce.com/s-4ryvx738h/product_images/i/floor%20%26%20carpet%20care__78599.jpg"
"7728","Floor Pads-Stripping","/janitorial-sanitation/floor-carpet-care/floor-pads-stripping/",""
"7729","Floor Pads-Cleaning, Buffing & Polishing","/janitorial-sanitation/floor-carpet-care/floor-pads-cleaning-buffing-polishing/",""
"7730","Cleaners & Detergents","/janitorial-sanitation/cleaners-detergents/","https://cdn11.bigcommerce.com/s-4ryvx738h/product_images/u/cleaners%20%26%20detergents__36958.jpg"
"7731","Paint, Graffiti & Gum Removers","/janitorial-sanitation/cleaners-detergents/paint-graffiti-gum-removers/",""
"7732","Glass Cleaners","/janitorial-sanitation/cleaners-detergents/glass-cleaners/",""
"7733","Furniture Cleaners","/janitorial-sanitation/cleaners-detergents/furniture-cleaners/",""
"7734","Stainless Steel Cleaners","/janitorial-sanitation/cleaners-detergents/stainless-steel-cleaners/",""
"7735","All Purpose Cleaners & Degreasers","/janitorial-sanitation/cleaners-detergents/all-purpose-cleaners-degreasers/",""
"7736","Carpet Cleaners","/janitorial-sanitation/floor-carpet-care/carpet-cleaners/",""
"7737","Odor Control","/janitorial-sanitation/odor-control/","https://cdn11.bigcommerce.com/s-4ryvx738h/product_images/s/odor%20control__81578.jpg"
"7738","Air Fresheners & Odor Eliminators","/janitorial-sanitation/odor-control/air-fresheners-odor-eliminators/",""
"7739","Disinfectants & Sanitizers","/janitorial-sanitation/cleaners-detergents/disinfectants-sanitizers/",""
"7740","Adhesives\Glues","/office/tape-adhesives-fasteners/adhesives-glues/",""
"7741","Chemicals, Lubricants & Paints","/janitorial-sanitation/industrial/chemicals-lubricants-paints/",""
"7742","Lubricants & Penetrants","/janitorial-sanitation/industrial/chemicals-lubricants-paints/lubricants-penetrants/",""
"7743","Cleaning Products","/janitorial-sanitation/industrial/chemicals-lubricants-paints/cleaning-products/",""
"7744","Drain Cleaners","/janitorial-sanitation/cleaners-detergents/drain-cleaners/",""
"7745","Floor Cleaners","/janitorial-sanitation/floor-carpet-care/floor-cleaners/",""
"7746","Floor Strippers","/janitorial-sanitation/floor-carpet-care/floor-strippers/",""
"7747","Soaps & Dispensers","/janitorial-sanitation/soaps-dispensers/","https://cdn11.bigcommerce.com/s-4ryvx738h/product_images/f/soaps%20%26%20dispensers__14248.jpg"
"7748","Hand Soaps","/janitorial-sanitation/soaps-dispensers/hand-soaps/",""
"7749","Toilet Bowl Cleaners","/janitorial-sanitation/cleaners-detergents/toilet-bowl-cleaners/",""
"7750","Facility Maintenance","/janitorial-sanitation/facility-maintenance/","https://cdn11.bigcommerce.com/s-4ryvx738h/product_images/q/facility%20maintenance__67384.jpg"
"7751","Insecticides","/janitorial-sanitation/facility-maintenance/insecticides/",""
"7752","Herbicides","/janitorial-sanitation/facility-maintenance/herbicides/",""
"7753","Food","/food-service/food/","https://cdn11.bigcommerce.com/s-4ryvx738h/product_images/q/food__38758.jpg"
"7754","Meals & Snack Bars","/food-service/food/meals-snack-bars/",""
"7755","Snacks","/food-service/food/snacks/",""
"7756","Gloves & Glove Accessories","/janitorial-sanitation/industrial/safety-security/gloves-glove-accessories/",""
"7757","Mops & Equipment","/janitorial-sanitation/mops-equipment/","https://cdn11.bigcommerce.com/s-4ryvx738h/product_images/e/janitorial%20%26%20sanitation__75054.jpg"
"7758","Mop Heads","/janitorial-sanitation/mops-equipment/mop-heads/",""
"7759","Head\Face Protection","/janitorial-sanitation/industrial/safety-security/head-face-protection/",""
"7760","Clothing Protection","/janitorial-sanitation/industrial/safety-security/clothing-protection/",""
"7761","Sorbents","/janitorial-sanitation/cleaners-detergents/sorbents/",""
"7762","Apparel","/food-service/apparel/","https://cdn11.bigcommerce.com/s-4ryvx738h/product_images/v/apparel__34580.jpg"
"7763","Aprons & Bibs","/food-service/apparel/aprons-bibs/",""
"7764","Sweeping Compounds","/janitorial-sanitation/floor-carpet-care/sweeping-compounds/",""
"7765","Chemical Resistant & Reusable Gloves","/food-service/apparel/chemical-resistant-reusable-gloves/",""
"7766","Disposable & Single Use Gloves","/food-service/apparel/disposable-single-use-gloves/",""
"7767","Food Trays, Containers & Lids","/food-service/food-trays-containers-lids/","https://cdn11.bigcommerce.com/s-4ryvx738h/product_images/x/food%20trays%20containers%20%26%20lids__35611.jpg"
"7768","Food Containers & Lids","/food-service/food-trays-containers-lids/food-containers-lids/",""
"7769","Food Wraps","/food-service/food-wraps/","https://cdn11.bigcommerce.com/s-4ryvx738h/product_images/k/food%20wraps__60436.jpg"
"7770","Films","/food-service/food-wraps/films/",""
"7771","Desk Pads","/office/desk-accessories-workspace-organizers/desk-pads/",""
"7772","Desktop File Folder Sorters","/office/file-folders-portable-storage-box-files/desktop-file-folder-sorters/",""
"7773","Pencil Cups","/office/desk-accessories-workspace-organizers/pencil-cups/",""
"7774","Bookends","/office/desk-accessories-workspace-organizers/bookends/",""
"7775","Waste Receptacles & Lids","/janitorial-sanitation/waste-receptacles-lids/","https://cdn11.bigcommerce.com/s-4ryvx738h/product_images/v/waste%20receptacles%20%26%20lids__05380.jpg"
"7776","Indoor Waste Receptacles","/janitorial-sanitation/waste-receptacles-lids/indoor-waste-receptacles/",""
"7777","Vacuum Accessories","/janitorial-sanitation/floor-carpet-care/vacuum-accessories/",""
"7778","Electrical & Lighting","/janitorial-sanitation/industrial/electrical-lighting/",""
"7779","Batteries","/janitorial-sanitation/industrial/electrical-lighting/batteries/",""
"7780","PA Systems","/office/technology/audio-visual-equipment-accessories/pa-systems/",""
"7781","Lecterns","/office/furniture/lecterns/",""
"7782","Lecterns","/office/furniture/lecterns/lecterns/",""
"7783","Safety & Security","/janitorial-sanitation/safety-security/","https://cdn11.bigcommerce.com/s-4ryvx738h/product_images/f/safety%20%26%20security__49927.jpg"
"7784","Megaphones","/janitorial-sanitation/safety-security/megaphones/",""
"7785","Telephones & Telephone Accessories","/office/technology/telephones-telephone-accessories/",""
"7786","Headset Accessories","/office/technology/telephones-telephone-accessories/headset-accessories/",""
"7787","Listening Centers","/office/technology/audio-visual-equipment-accessories/listening-centers/",""
"7788","Towels & Wipes","/food-service/kitchen-supplies/towels-wipes/",""
"7789","Overhead Projectors","/office/technology/audio-visual-equipment-accessories/overhead-projectors/",""
"7790","Pointers","/office/technology/audio-visual-equipment-accessories/pointers/",""
"7791","Light Bulbs","/janitorial-sanitation/industrial/electrical-lighting/light-bulbs/",""
"7792","Transparency Films","/office/technology/audio-visual-equipment-accessories/transparency-films/",""
"7793","Backup Systems & Disks","/office/technology/backup-systems-disks/",""
"7794","Backup Systems","/office/technology/backup-systems-disks/backup-systems/",""
"7795","Batteries & Electrical Supplies","/janitorial-sanitation/batteries-electrical-supplies/","https://cdn11.bigcommerce.com/s-4ryvx738h/product_images/x/batteries%20%26%20electrical%20supplies__90961.jpg"
"7796","Surge Protectors","/janitorial-sanitation/batteries-electrical-supplies/surge-protectors/",""
"7797","Juices","/food-service/beverages-beverage-dispensers/juices/",""
"7798","Staplers & Riveters","/janitorial-sanitation/industrial/hand-tools/staplers-riveters/",""
"7799","Mouse Pads & Wrist Rests","/office/mouse-pads-wrist-rests/",""
"7800","Mouse Pads & Wrist Rests","/office/mouse-pads-wrist-rests/mouse-pads-wrist-rests/",""
"7801","Desktop Stands","/office/desk-accessories-workspace-organizers/desktop-stands/",""
"7802","Desktop Stand Accessories","/office/desk-accessories-workspace-organizers/desktop-stand-accessories/",""
"7803","Party Decorations","/food-service/party-decorations/","https://cdn11.bigcommerce.com/s-4ryvx738h/product_images/d/party%20decorations__68621.jpg"
"7804","Table covers & Skirts","/food-service/party-decorations/table-covers-skirts/",""
"7805","Telephones","/office/technology/telephones-telephone-accessories/telephones/",""
"7806","Answering Machines","/office/technology/telephones-telephone-accessories/answering-machines/",""
"7807","Headsets","/office/technology/telephones-telephone-accessories/headsets/",""
"7808","Desktop Supplies Organizers","/office/desk-accessories-workspace-organizers/desktop-supplies-organizers/",""
"7809","Carrying Cases","/office/carrying-cases/",""
"7810","Cases","/office/carrying-cases/cases/",""
"7811","Ice Containers","/food-service/kitchen-supplies/ice-containers/",""
"7812","Appliances","/food-service/appliances/","https://cdn11.bigcommerce.com/s-4ryvx738h/product_images/m/appliances__27094.jpg"
"7813","Microwave Ovens","/food-service/appliances/microwave-ovens/",""
"7814","Toasters\Toaster Ovens","/food-service/appliances/toasters-toaster-ovens/",""
"7815","Water Coolers","/food-service/beverages-beverage-dispensers/water-coolers/",""
"7816","Labels","/office/labels-stickers/labels/",""
"7817","Label Applicators","/office/labels-stickers/label-applicators/",""
"7818","Hole Reinforcements","/office/binders-binding-supplies/hole-reinforcements/",""
"7819","Highlighters","/office/writing-correction-supplies/highlighters/",""
"7820","Tags & Tickets","/office/tags-tickets/",""
"7821","Tags","/office/tags-tickets/tags/",""
"7822","Index Dividers","/office/index-dividers/",""
"7823","Index Dividers","/office/index-dividers/index-dividers/",""
"7824","File Inserts\Tabs","/office/file-folders-portable-storage-box-files/file-inserts-tabs/",""
"7825","Pack & Ship","/office/pack-ship/",""
"7826","Marking & Shipping Tags","/office/pack-ship/marking-shipping-tags/",""
"7827","Photo Albums","/office/binders-binding-supplies/photo-albums/",""
"7828","Filler Paper","/office/paper-printable-media/filler-paper/",""
"7829","Card\Cover Stock","/office/paper-printable-media/card-cover-stock/",""
"7830","Stamps & Stamp Supplies","/office/stamps-stamp-supplies/",""
"7831","Stamp Pads","/office/stamps-stamp-supplies/stamp-pads/",""
"7832","Markers","/office/writing-correction-supplies/markers/",""
"7833","Mailroom Markers","/office/pack-ship/mailroom-markers/",""
"7834","Identification Badges","/office/identification-badges/",""
"7835","Name Badge Kits","/office/identification-badges/name-badge-kits/",""
"7836","Board Erasers","/office/writing-correction-supplies/board-erasers/",""
"7837","Greeting Cards","/office/paper-printable-media/greeting-cards/",""
"7838","Magnetic Printable Sheets","/office/paper-printable-media/magnetic-printable-sheets/",""
"7839","Art Paper","/office/crafts-recreation-room-products/art-paper/",""
"7840","Pocket Folders","/office/binders-binding-supplies/pocket-folders/",""
"7841","Pens","/office/writing-correction-supplies/pens/",""
"7842","Tent Cards","/office/paper-printable-media/tent-cards/",""
"7843","Card File Refills","/office/paper-printable-media/card-file-refills/",""
"7844","Index Cards","/office/paper-printable-media/index-cards/",""
"7845","Data Storage Media & Supplies","/office/technology/data-storage-media-supplies/",""
"7846","Media Labeling","/office/technology/data-storage-media-supplies/media-labeling/",""
"7847","Business Cards","/office/paper-printable-media/business-cards/",""
"7848","File Jackets\Sleeves\Wallets","/office/file-folders-portable-storage-box-files/file-jackets-sleeves-wallets/",""
"7849","Laminator & Laminator Supplies","/office/technology/laminator-laminator-supplies/",""
"7850","Laminator Supplies","/office/technology/laminator-laminator-supplies/laminator-supplies/",""
"7851","Media Sleeves","/office/technology/data-storage-media-supplies/media-sleeves/",""
"7852","Sheet Protectors","/office/binders-binding-supplies/sheet-protectors/",""
"7853","Sheet Lifters","/office/binders-binding-supplies/sheet-lifters/",""
"7854","Binder Pockets","/office/binders-binding-supplies/binder-pockets/",""
"7855","Office Paper","/office/paper-printable-media/office-paper/",""
"7856","Binder Spine Inserts","/office/binders-binding-supplies/binder-spine-inserts/",""
"7857","Presentation\Display & Scheduling Boards","/office/presentation-display-scheduling-boards/",""
"7858","Bulletin Board Rails","/office/presentation-display-scheduling-boards/bulletin-board-rails/",""
"7859","Tag Fasteners","/office/tape-adhesives-fasteners/tag-fasteners/",""
"7860","Globes","/office/forms-recordkeeping-reference-materials/globes/",""
"7861","File Boxes","/office/file-folders-portable-storage-box-files/file-boxes/",""
"7862","Magazine Files","/office/desk-accessories-workspace-organizers/magazine-files/",""
"7863","Boxes & Bins","/janitorial-sanitation/hardware-tools-accessories/boxes-bins/",""
"7864","Card Holders","/office/binders-binding-supplies/card-holders/",""
"7865","Hanging File Folder Racks","/office/file-folders-portable-storage-box-files/hanging-file-folder-racks/",""
"7866","Signs & Sign Holders","/office/furniture/room-accessories/signs-sign-holders/",""
"7867","Lanyards","/office/identification-badges/lanyards/",""
"7868","Badge Reels","/office/identification-badges/badge-reels/",""
"7869","Wristbands","/office/identification-badges/wristbands/",""
"7870","Safety & Security","/office/safety-security/",""
"7871","Key Organizers","/office/safety-security/key-organizers/",""
"7872","Material Handling","/janitorial-sanitation/industrial/material-handling/",""
"7873","Carts & Trucks","/janitorial-sanitation/industrial/material-handling/carts-trucks/",""
"7874","Frames","/office/furniture/room-accessories/frames/",""
"7875","Ink Bottles","/office/stamps-stamp-supplies/ink-bottles/",""
"7876","Stamps","/office/stamps-stamp-supplies/stamps/",""
"7877","Cash Handling","/office/cash-handling/",""
"7878","Tally Counters","/office/cash-handling/tally-counters/",""
"7879","Flags","/office/general-office-accessories/flags/",""
"7880","Maps","/office/forms-recordkeeping-reference-materials/maps/",""
"7881","Reference Books","/office/forms-recordkeeping-reference-materials/reference-books/",""
"7882","Energy Drinks","/food-service/beverages-beverage-dispensers/energy-drinks/",""
"7883","Tea","/food-service/beverages-beverage-dispensers/tea/",""
"7884","Bags","/food-service/bags/","https://cdn11.bigcommerce.com/s-4ryvx738h/product_images/x/bags__96261.jpg"
"7885","T-Sacks & Thank You Bags","/food-service/bags/t-sacks-thank-you-bags/",""
"7886","Trash Bags & Can Liners","/janitorial-sanitation/trash-bags-can-liners/","https://cdn11.bigcommerce.com/s-4ryvx738h/product_images/n/trash%20bags%20%26%20can%20liners__87386.jpg"
"7887","Drawstring & Kitchen Bags","/janitorial-sanitation/trash-bags-can-liners/drawstring-kitchen-bags/",""
"7888","Magnifiers","/office/general-office-accessories/magnifiers/",""
"7889","Cutlery","/food-service/cutlery/","https://cdn11.bigcommerce.com/s-4ryvx738h/product_images/r/cutlery__90352.jpg"
"7890","Disposable Spoons","/food-service/cutlery/disposable-spoons/",""
"7891","Clipboards","/office/forms-recordkeeping-reference-materials/clipboards/",""
"7892","Magnetic Tape\Strips","/office/presentation-display-scheduling-boards/magnetic-tape-strips/",""
"7893","Erasers","/office/writing-correction-supplies/erasers/",""
"7894","Classroom Teaching & Learning Materials","/office/classroom-teaching-learning-materials/",""
"7895","Timers","/office/classroom-teaching-learning-materials/timers/",""
"7896","Candy, Gum & Mints","/food-service/food/candy-gum-mints/",""
"7897","Paper Wraps","/food-service/food-wraps/paper-wraps/",""
"7898","Pan Liners","/food-service/kitchen-supplies/pan-liners/",""
"7899","Silverware Bags","/food-service/cutlery/silverware-bags/",""
"7900","Bakery Bags","/food-service/bags/bakery-bags/",""
"7901","Personal Hygiene Products","/janitorial-sanitation/personal-hygiene-products/","https://cdn11.bigcommerce.com/s-4ryvx738h/product_images/h/personal%20hygiene%20products__09006.jpg"
"7902","Feminine Care Dispenser Liners","/janitorial-sanitation/personal-hygiene-products/feminine-care-dispenser-liners/",""
"7903","Restroom Cleaners & Accessories","/janitorial-sanitation/restroom-cleaners-accessories/","https://cdn11.bigcommerce.com/s-4ryvx738h/product_images/w/restroom%20cleaners%20%26%20accessories__25771.jpg"
"7904","Toilet Seat Covers","/janitorial-sanitation/restroom-cleaners-accessories/toilet-seat-covers/",""
"7905","Food Trays & Liners","/food-service/food-trays-containers-lids/food-trays-liners/",""
"7906","Foil Wraps","/food-service/food-wraps/foil-wraps/",""
"7907","Blood Cleanup Kit","/janitorial-sanitation/first-aid-health-supplies/blood-cleanup-kit/",""
"7908","Toilet & Urinal Deodorizers","/janitorial-sanitation/restroom-cleaners-accessories/toilet-urinal-deodorizers/",""
"7909","Matting","/janitorial-sanitation/matting/","https://cdn11.bigcommerce.com/s-4ryvx738h/product_images/z/matting__99094.jpg"
"7910","Safety Mats","/janitorial-sanitation/matting/safety-mats/",""
"7911","Flashlights","/janitorial-sanitation/batteries-electrical-supplies/flashlights/",""
"7912","Lotions","/janitorial-sanitation/personal-hygiene-products/lotions/",""
"7913","Bar Soaps","/janitorial-sanitation/personal-hygiene-products/bar-soaps/",""
"7914","Pencils","/office/writing-correction-supplies/pencils/",""
"7915","Pen Refills","/office/writing-correction-supplies/pen-refills/",""
"7916","Correction Fluids","/office/writing-correction-supplies/correction-fluids/",""
"7917","Buckets & Wringers","/janitorial-sanitation/mops-equipment/buckets-wringers/",""
"7918","Sprayers & Pumps","/janitorial-sanitation/cleaning-tools/sprayers-pumps/",""
"7919","Laundry Products","/janitorial-sanitation/laundry-products/","https://cdn11.bigcommerce.com/s-4ryvx738h/product_images/b/laundry%20products__57943.jpg"
"7920","Laundry Detergents","/janitorial-sanitation/laundry-products/laundry-detergents/",""
"7921","Bathroom Cleaners","/janitorial-sanitation/cleaners-detergents/bathroom-cleaners/",""
"7922","Breakroom Supplies","/food-service/breakroom-supplies/","https://cdn11.bigcommerce.com/s-4ryvx738h/product_images/z/breakroom%20supplies__08475.jpg"
"7923","Condiments","/food-service/breakroom-supplies/condiments/",""
"7924","Networking, Cables & Accessories","/office/technology/networking-cables-accessories/",""
"7925","Cables","/office/technology/networking-cables-accessories/cables/",""
"7926","Adapters\Chargers","/janitorial-sanitation/batteries-electrical-supplies/adapters-chargers/",""
"7927","Power Strips","/janitorial-sanitation/batteries-electrical-supplies/power-strips/",""
"7928","Splitters\Couplers","/office/technology/telephones-telephone-accessories/splitters-couplers/",""
"7929","Paper Pads\Note Pads","/office/paper-printable-media/paper-pads-note-pads/",""
"7930","Mops","/janitorial-sanitation/mops-equipment/mops/",""
"7931","Humidifiers","/janitorial-sanitation/air-cleaners-fans-heaters-humidifiers/humidifiers/",""
"7932","Towels, Tissues & Dispensers","/janitorial-sanitation/towels-tissues-dispensers/","https://cdn11.bigcommerce.com/s-4ryvx738h/product_images/d/towels%20tissues%20%26%20dispensers__11475.jpg"
"7933","Towel Dispensers","/janitorial-sanitation/towels-tissues-dispensers/towel-dispensers/",""
"7934","Feminine Care Dispensers & Receptacles","/janitorial-sanitation/personal-hygiene-products/feminine-care-dispensers-receptacles/",""
"7935","Toilet Tissue Dispensers","/janitorial-sanitation/towels-tissues-dispensers/toilet-tissue-dispensers/",""
"7936","Soap Dispensers","/janitorial-sanitation/soaps-dispensers/soap-dispensers/",""
"7937","Hand Dryers","/janitorial-sanitation/facility-maintenance/hand-dryers/",""
"7938","Soap Refills","/janitorial-sanitation/soaps-dispensers/soap-refills/",""
"7939","Tool Storage","/janitorial-sanitation/industrial/hand-tools/tool-storage/",""
"7940","Safety Storage","/janitorial-sanitation/industrial/safety-security/safety-storage/",""
"7941","Scrapers","/janitorial-sanitation/hardware-tools-accessories/scrapers/",""
"7942","Measuring & Leveling Tools","/janitorial-sanitation/industrial/measuring-leveling-tools/",""
"7943","Tape Measures","/janitorial-sanitation/industrial/measuring-leveling-tools/tape-measures/",""
"7944","Hammers","/janitorial-sanitation/industrial/hand-tools/hammers/",""
"7945","Automotive Tools","/janitorial-sanitation/industrial/hand-tools/automotive-tools/",""
"7946","Electrical Tools","/janitorial-sanitation/industrial/electrical-tools/",""
"7947","Electrical Tools Other","/janitorial-sanitation/industrial/electrical-tools/electrical-tools-other/",""
"7948","Tool Kits","/janitorial-sanitation/industrial/hand-tools/tool-kits/",""
"7949","Pencil Sharpener Cutters","/office/writing-correction-supplies/pencil-sharpener-cutters/",""
"7950","Glue Guns","/office/crafts-recreation-room-products/glue-guns/",""
"7951","Laminators","/office/technology/laminator-laminator-supplies/laminators/",""
"7952","Stud Finders","/janitorial-sanitation/industrial/hand-tools/stud-finders/",""
"7953","Pizza Supplies","/food-service/pizza-supplies/","https://cdn11.bigcommerce.com/s-4ryvx738h/product_images/f/pizza%20supplies__76973.jpg"
"7954","Pizza Boxes","/food-service/pizza-supplies/pizza-boxes/",""
"7955","Metered Dispenser Refills","/janitorial-sanitation/odor-control/metered-dispenser-refills/",""
"7956","Roll Paper","/office/paper-printable-media/roll-paper/",""
"7957","Computer Hardware & Accessories","/office/technology/computer-hardware-accessories/",""
"7958","Scanners","/office/technology/computer-hardware-accessories/scanners/",""
"7959","Printing Supplies","/office/technology/printing-supplies/",""
"7960","Belts (Printer\Fax\Copier)","/office/technology/printing-supplies/belts-printer-fax-copier/",""
"7961","Printers & Copier\Fax\Multifunction Machines","/office/technology/printers-copier-fax-multifunction-machines/",""
"7962","Copier\Fax\Multifunction Machines","/office/technology/printers-copier-fax-multifunction-machines/copier-fax-multifunction-machines/",""
"7963","Label Makers and Supplies","/office/label-makers-and-supplies/",""
"7964","Label Maker Supplies","/office/label-makers-and-supplies/label-maker-supplies/",""
"7965","Imaging Drums\Photoconductors","/office/technology/printing-supplies/imaging-drums-photoconductors/",""
"7966","Laser Printers","/office/technology/printers-copier-fax-multifunction-machines/laser-printers/",""
"7967","Inks & Toners","/office/technology/printing-supplies/inks-toners/",""
"7968","Thermal Transfer Cartridges\Films\Ribbons\Rolls","/office/technology/printing-supplies/thermal-transfer-cartridges-films-ribbons-rolls/",""
"7969","Label Makers","/office/label-makers-and-supplies/label-makers/",""
"7970","Waste Collection","/office/technology/printing-supplies/waste-collection/",""
"7971","Returns","/office/furniture/desks-workstations/returns/",""
"7972","Table Accessories","/office/furniture/tables/table-accessories/",""
"7973","Credenza Parts","/office/furniture/desks-workstations/credenza-parts/",""
"7974","Partition & Panel Systems Hardware","/office/furniture/partitions-panels/partition-panel-systems-hardware/",""
"7975","Pad Folios","/office/carrying-cases/pad-folios/",""
"7976","Coffee Filters","/food-service/breakroom-supplies/coffee-filters/",""
"7977","Decanters & Pitchers","/food-service/breakroom-supplies/decanters-pitchers/",""
"7978","Beverage Dispensers","/food-service/beverages-beverage-dispensers/beverage-dispensers/",""
"7979","Coffee Brewers","/food-service/breakroom-supplies/coffee-brewers/",""
"7980","Roll Cutters","/office/cutting-measuring-devices/roll-cutters/",""
"7981","Brooms, Brushes & Dusters","/janitorial-sanitation/brooms-brushes-dusters/","https://cdn11.bigcommerce.com/s-4ryvx738h/product_images/j/brooms%20brushes%20%26%20dusters__94666.jpg"
"7982","Brushes","/janitorial-sanitation/brooms-brushes-dusters/brushes/",""
"7983","Brooms","/janitorial-sanitation/brooms-brushes-dusters/brooms/",""
"7984","Dust Pans","/janitorial-sanitation/brooms-brushes-dusters/dust-pans/",""
"7985","Toilet Brushes","/janitorial-sanitation/restroom-cleaners-accessories/toilet-brushes/",""
"7986","Dusters","/janitorial-sanitation/brooms-brushes-dusters/dusters/",""
"7987","Toilet Plungers","/janitorial-sanitation/restroom-cleaners-accessories/toilet-plungers/",""
"7988","Boards","/office/presentation-display-scheduling-boards/boards/",""
"7989","Easels","/office/presentation-display-scheduling-boards/easels/",""
"7990","Magnetic Card Holders","/office/labels-stickers/magnetic-card-holders/",""
"7991","Magnetic Card Holder Refills","/office/paper-printable-media/magnetic-card-holder-refills/",""
"7992","Classroom Decorations","/office/crafts-recreation-room-products/classroom-decorations/",""
"7993","Board Mounting Hardware","/office/presentation-display-scheduling-boards/board-mounting-hardware/",""
"7994","Respiratory Protection","/janitorial-sanitation/industrial/safety-security/respiratory-protection/",""
"7995","Hairnets & Hair Restraints","/food-service/apparel/hairnets-hair-restraints/",""
"7996","Foot Protection","/janitorial-sanitation/industrial/safety-security/foot-protection/",""
"7997","Utility Pads & Holders","/janitorial-sanitation/floor-carpet-care/utility-pads-holders/",""
"7998","Pumps","/janitorial-sanitation/industrial/pumps/",""
"7999","Water & Solvent Pumps","/janitorial-sanitation/industrial/pumps/water-solvent-pumps/",""
"8000","Cups & Lids","/food-service/cups-lids/","https://cdn11.bigcommerce.com/s-4ryvx738h/product_images/t/cups%20%26%20lids__23756.jpg"
"8001","Cup Sleeves","/food-service/cups-lids/cup-sleeves/",""
"8002","Perforated Roll & Hand Towels","/janitorial-sanitation/towels-tissues-dispensers/perforated-roll-hand-towels/",""
"8003","Handles & Braces","/janitorial-sanitation/brooms-brushes-dusters/handles-braces/",""
"8004","Floor Dusters & Accessories","/janitorial-sanitation/mops-equipment/floor-dusters-accessories/",""
"8005","Scouring Pads & Sticks","/janitorial-sanitation/cleaning-tools/scouring-pads-sticks/",""
"8006","Low-Density Trash Bags","/janitorial-sanitation/trash-bags-can-liners/low-density-trash-bags/",""
"8007","Food & Utility Bags","/food-service/bags/food-utility-bags/",""
"8008","High-Density Trash Bags","/janitorial-sanitation/trash-bags-can-liners/high-density-trash-bags/",""
"8009","Signs","/janitorial-sanitation/facility-maintenance/signs/",""
"8010","Toilet Tissues","/janitorial-sanitation/towels-tissues-dispensers/toilet-tissues/",""
"8011","Waste Receptacle Lids","/janitorial-sanitation/waste-receptacles-lids/waste-receptacle-lids/",""
"8012","Floor Finishes","/janitorial-sanitation/floor-carpet-care/floor-finishes/",""
"8013","Bleach","/janitorial-sanitation/cleaners-detergents/bleach/",""
"8014","Grill Scrubbers","/food-service/kitchen-supplies/grill-scrubbers/",""
"8015","Hand Sanitizers & Dispensers","/janitorial-sanitation/hand-sanitizers-dispensers/","https://cdn11.bigcommerce.com/s-4ryvx738h/product_images/k/hand%20sanitizers%20%26%20dispensers__94155.jpg"
"8016","Sanitizing Wipes","/janitorial-sanitation/hand-sanitizers-dispensers/sanitizing-wipes/",""
"8017","Beverage Trays","/food-service/food-trays-containers-lids/beverage-trays/",""
"8018","Sanding Screens","/janitorial-sanitation/floor-carpet-care/sanding-screens/",""
"8019","Eye Care & Protection","/janitorial-sanitation/safety-security/eye-care-protection/",""
"8020","Mop Handles","/janitorial-sanitation/mops-equipment/mop-handles/",""
"8021","Facial Tissues","/janitorial-sanitation/towels-tissues-dispensers/facial-tissues/",""
"8022","Disposable Forks","/food-service/cutlery/disposable-forks/",""
"8023","Hand Sanitizers","/janitorial-sanitation/hand-sanitizers-dispensers/hand-sanitizers/",""
"8024","Squeegees","/janitorial-sanitation/cleaning-tools/squeegees/",""
"8025","Napkins, Dispensers & Towelettes","/food-service/napkins-dispensers-towelettes/","https://cdn11.bigcommerce.com/s-4ryvx738h/product_images/r/napkins%20dispensers%20%26%20towelettes__95566.jpg"
"8026","Dispenser Napkins","/food-service/napkins-dispensers-towelettes/dispenser-napkins/",""
"8027","Dinner Napkins","/food-service/napkins-dispensers-towelettes/dinner-napkins/",""
"8028","Luncheon Napkins","/food-service/napkins-dispensers-towelettes/luncheon-napkins/",""
"8029","Beverage Napkins","/food-service/napkins-dispensers-towelettes/beverage-napkins/",""
"8030","Air Freshener Dispensers","/janitorial-sanitation/odor-control/air-freshener-dispensers/",""
"8031","Condiment Organizers","/food-service/breakroom-supplies/condiment-organizers/",""
"8032","Bowls","/food-service/bowls-plates/bowls/",""
"8033","Sponges","/janitorial-sanitation/cleaning-tools/sponges/",""
"8034","Straws\Stems\Sticks","/food-service/breakroom-supplies/straws-stems-sticks/",""
"8035","Cups","/food-service/cups-lids/cups/",""
"8036","Cup Lids","/food-service/cups-lids/cup-lids/",""
"8037","Trucks, Carts & Dollies","/janitorial-sanitation/trucks-carts-dollies/","https://cdn11.bigcommerce.com/s-4ryvx738h/product_images/i/trucks%20carts%20%26%20dollies__76382.jpg"
"8038","Dollies","/janitorial-sanitation/trucks-carts-dollies/dollies/",""
"8039","Dusting Wipes","/janitorial-sanitation/brooms-brushes-dusters/dusting-wipes/",""
"8040","Toilet Seat Cover Dispensers","/janitorial-sanitation/restroom-cleaners-accessories/toilet-seat-cover-dispensers/",""
"8041","Disposable Knives","/food-service/cutlery/disposable-knives/",""
"8042","Floor Machines & Accessories","/janitorial-sanitation/floor-carpet-care/floor-machines-accessories/",""
"8043","Souffle & Portion Cups","/food-service/food-trays-containers-lids/souffle-portion-cups/",""
"8044","Carpet Bonnets","/janitorial-sanitation/floor-carpet-care/carpet-bonnets/",""
"8045","Disposable Sporks","/food-service/cutlery/disposable-sporks/",""
"8046","Warewashing","/food-service/warewashing/","https://cdn11.bigcommerce.com/s-4ryvx738h/product_images/p/warewashing__36038.jpg"
"8047","Glassware Cleaners","/food-service/warewashing/glassware-cleaners/",""
"8048","Fabric Softener & Starch","/janitorial-sanitation/laundry-products/fabric-softener-starch/",""
"8049","Stain Removers","/janitorial-sanitation/laundry-products/stain-removers/",""
"8050","Awards & Certificates","/office/forms-recordkeeping-reference-materials/awards-certificates/",""
"8051","Pocket Charts","/office/classroom-teaching-learning-materials/pocket-charts/",""
"8052","Flash Cards","/office/classroom-teaching-learning-materials/flash-cards/",""
"8053","Bottled Water","/food-service/beverages-beverage-dispensers/bottled-water/",""
"8054","Stencils\Templates","/office/crafts-recreation-room-products/stencils-templates/",""
"8055","Compasses","/office/writing-correction-supplies/compasses/",""
"8056","Tapes","/office/tape-adhesives-fasteners/tapes/",""
"8057","Paper Cutters","/office/cutting-measuring-devices/paper-cutters/",""
"8058","Chalks","/office/writing-correction-supplies/chalks/",""
"8059","Paints","/office/crafts-recreation-room-products/paints/",""
"8060","Glitter","/office/crafts-recreation-room-products/glitter/",""
"8061","Wiggle Eyes","/office/crafts-recreation-room-products/wiggle-eyes/",""
"8062","Buttons\Beads\Stones","/office/crafts-recreation-room-products/buttons-beads-stones/",""
"8063","Art Shapes","/office/crafts-recreation-room-products/art-shapes/",""
"8064","Felt","/office/crafts-recreation-room-products/felt/",""
"8065","Clay\Pottery","/office/crafts-recreation-room-products/clay-pottery/",""
"8066","Art Kits","/office/crafts-recreation-room-products/art-kits/",""
"8067","Art Tools","/office/crafts-recreation-room-products/art-tools/",""
"8068","Building Blocks","/office/crafts-recreation-room-products/building-blocks/",""
"8069","Games\Manipulatives","/office/classroom-teaching-learning-materials/games-manipulatives/",""
"8070","Art Containers","/office/crafts-recreation-room-products/art-containers/",""
"8071","Paint Brushes","/office/crafts-recreation-room-products/paint-brushes/",""
"8072","Art Boards","/office/crafts-recreation-room-products/art-boards/",""
"8073","Sequins\Spangles","/office/crafts-recreation-room-products/sequins-spangles/",""
"8074","Media Wallets\Cases","/office/technology/data-storage-media-supplies/media-wallets-cases/",""
"8075","Indexed Sorters","/office/file-folders-portable-storage-box-files/indexed-sorters/",""
"8076","Binding Bars","/office/binders-binding-supplies/binding-bars/",""
"8077","Envelopes, Mailers & Shipping Supplies","/office/envelopes-mailers-shipping-supplies/",""
"8078","Envelopes\Mailers","/office/envelopes-mailers-shipping-supplies/envelopes-mailers/",""
"8079","Shipping & Storage Bags","/office/pack-ship/shipping-storage-bags/",""
"8080","Binder Strips","/office/binders-binding-supplies/binder-strips/",""
"8081","Hand Sanitizer Dispensers","/janitorial-sanitation/hand-sanitizers-dispensers/hand-sanitizer-dispensers/",""
"8082","Hand Sanitizer Refills","/janitorial-sanitation/hand-sanitizers-dispensers/hand-sanitizer-refills/",""
"8083","Dishwashing Detergents","/janitorial-sanitation/cleaners-detergents/dishwashing-detergents/",""
"8084","Fabric Refreshers","/janitorial-sanitation/laundry-products/fabric-refreshers/",""
"8085","Water Filters","/food-service/breakroom-supplies/water-filters/",""
"8086","Food Storage Containers & Lids","/food-service/kitchen-supplies/food-storage-containers-lids/",""
"8087","Paper & Printable Media","/office/technology/paper-printable-media/",""
"8088","Inks & Paper Combinations","/office/technology/paper-printable-media/inks-paper-combinations/",""
"8089","Calculators","/office/technology/calculators/",""
"8090","Calculators","/office/technology/calculators/calculators/",""
"8091","Photo Paper","/office/paper-printable-media/photo-paper/",""
"8092","Inkjet Printers","/office/technology/printers-copier-fax-multifunction-machines/inkjet-printers/",""
"8093","Extension Cords","/janitorial-sanitation/batteries-electrical-supplies/extension-cords/",""
"8094","Ink Rollers","/office/technology/printing-supplies/ink-rollers/",""
"8095","Pricemarkers","/office/stamps-stamp-supplies/pricemarkers/",""
"8096","Label Removers","/office/labels-stickers/label-removers/",""
"8097","Pliers & Cutters","/janitorial-sanitation/industrial/hand-tools/pliers-cutters/",""
"8098","Oral Care","/janitorial-sanitation/personal-hygiene-products/oral-care/",""
"8099","Cleaners & Detergents","/janitorial-sanitation/cleaners-detergents/cleaners-detergents/",""
"8100","Deodorants","/janitorial-sanitation/personal-hygiene-products/deodorants/",""
"8101","Presentation Books","/office/binders-binding-supplies/presentation-books/",""
"8102","Napkin Dispensers","/food-service/napkins-dispensers-towelettes/napkin-dispensers/",""
"8103","Whistles","/office/crafts-recreation-room-products/whistles/",""
"8104","Stopwatches","/office/crafts-recreation-room-products/stopwatches/",""
"8105","Playground\Gymnasium Sets","/office/crafts-recreation-room-products/playground-gymnasium-sets/",""
"8106","Balls","/office/crafts-recreation-room-products/balls/",""
"8107","Air Pump Accessories","/office/crafts-recreation-room-products/air-pump-accessories/",""
"8108","Jump Ropes","/office/crafts-recreation-room-products/jump-ropes/",""
"8109","Gloves & Glove Dispensers","/janitorial-sanitation/gloves-glove-dispensers/","https://cdn11.bigcommerce.com/s-4ryvx738h/product_images/j/gloves%20%26%20glove%20dispensers__10535.jpg"
"8110","Glove Dispensers","/janitorial-sanitation/gloves-glove-dispensers/glove-dispensers/",""
"8111","Cash\Coin Wrappers","/office/cash-handling/cash-coin-wrappers/",""
"8112","Desk Tray Accessories","/office/desk-accessories-workspace-organizers/desk-tray-accessories/",""
"8113","Hanging File Systems","/office/file-folders-portable-storage-box-files/hanging-file-systems/",""
"8114","Desktop Book Racks","/office/desk-accessories-workspace-organizers/desktop-book-racks/",""
"8115","Crayons","/office/crafts-recreation-room-products/crayons/",""
"8116","Catalog Reference Racks","/office/desk-accessories-workspace-organizers/catalog-reference-racks/",""
"8117","Fall Protection","/janitorial-sanitation/industrial/safety-security/fall-protection/",""
"8118","Platters","/food-service/bowls-plates/platters/",""
"8119","Medical Cups & Accessories","/janitorial-sanitation/first-aid-health-supplies/medical-cups-accessories/",""
"8120","Coffee","/food-service/coffee/","https://cdn11.bigcommerce.com/s-4ryvx738h/product_images/l/coffee__63965.jpg"
"8121","Caffeinated","/food-service/coffee/caffeinated/",""
"8122","Decaffeinated","/food-service/coffee/decaffeinated/",""
"8123","Routers","/office/technology/networking-cables-accessories/routers/",""
"8124","Power Tools","/janitorial-sanitation/industrial/power-tools/",""
"8125","Finishing Tools","/janitorial-sanitation/industrial/power-tools/finishing-tools/",""
"8126","Engravers","/janitorial-sanitation/industrial/power-tools/finishing-tools/engravers/",""
"8127","Sweeteners","/food-service/breakroom-supplies/sweeteners/",""
"8128","Counterfeit Bill Detectors","/office/cash-handling/counterfeit-bill-detectors/",""
"8129","Packing Tapes","/office/pack-ship/packing-tapes/",""
"8130","Safety Tapes","/janitorial-sanitation/safety-security/safety-tapes/",""
"8131","Packing Tape Dispensers","/office/pack-ship/packing-tape-dispensers/",""
"8132","Mailing Boxes\Tubes","/office/envelopes-mailers-shipping-supplies/mailing-boxes-tubes/",""
"8133","Mounting Tape","/office/tape-adhesives-fasteners/mounting-tape/",""
"8134","Adhesive Putty","/office/tape-adhesives-fasteners/adhesive-putty/",""
"8135","Battery Chargers","/office/batteries-electrical-supplies/battery-chargers/",""
"8136","Sanitizing Wipes","/janitorial-sanitation/towels-tissues-dispensers/sanitizing-wipes/",""
"8137","Lime & Rust Removers","/janitorial-sanitation/cleaners-detergents/lime-rust-removers/",""
"8138","Hairsprays","/janitorial-sanitation/personal-hygiene-products/hairsprays/",""
"8139","Cooking & Serving Utensils","/food-service/kitchen-supplies/cooking-serving-utensils/",""
"8140","Professional Cutlery","/food-service/cutlery/professional-cutlery/",""
"8141","Electronics Cleaners","/janitorial-sanitation/cleaners-detergents/electronics-cleaners/",""
"8142","Computer Cleaners","/office/technology/computer-cleaners/",""
"8143","Compressed Air Dusters","/office/technology/computer-cleaners/compressed-air-dusters/",""
"8144","Sprayers, Hoses and Nozzles","/janitorial-sanitation/cleaners-detergents/sprayers-hoses-and-nozzles/",""
"8145","Dot Matrix Printers","/office/technology/printers-copier-fax-multifunction-machines/dot-matrix-printers/",""
"8146","Maintenance Kits\Supplies","/office/technology/printing-supplies/maintenance-kits-supplies/",""
"8147","Multimedia Projectors","/office/technology/audio-visual-equipment-accessories/multimedia-projectors/",""
"8148","Projector Accessories","/office/technology/audio-visual-equipment-accessories/projector-accessories/",""
"8149","Vacuums","/janitorial-sanitation/floor-carpet-care/vacuums/",""
"8150","Smoking Receptacles","/janitorial-sanitation/waste-receptacles-lids/smoking-receptacles/",""
"8151","First Aid Kits","/janitorial-sanitation/first-aid-health-supplies/first-aid-kits/",""
"8152","First Aid Creams","/janitorial-sanitation/first-aid-health-supplies/first-aid-creams/",""
"8153","First Aid Kit Refills","/janitorial-sanitation/first-aid-health-supplies/first-aid-kit-refills/",""
"8154","Ear Protection","/janitorial-sanitation/industrial/safety-security/ear-protection/",""
"8155","Face Masks","/janitorial-sanitation/safety-security/face-masks/",""
"8156","Cold Packs","/janitorial-sanitation/first-aid-health-supplies/cold-packs/",""
"8157","Antiseptic Wipes\Pads","/janitorial-sanitation/first-aid-health-supplies/antiseptic-wipes-pads/",""
"8158","First Aid Thermometers","/janitorial-sanitation/first-aid-health-supplies/first-aid-thermometers/",""
"8159","Gauze","/janitorial-sanitation/first-aid-health-supplies/gauze/",""
"8160","File Box Accessories","/office/file-folders-portable-storage-box-files/file-box-accessories/",""
"8161","Copyholders","/office/desk-accessories-workspace-organizers/copyholders/",""
"8162","Desktop Literature Sorters","/office/desk-accessories-workspace-organizers/desktop-literature-sorters/",""
"8163","Literature Sorters","/office/desk-accessories-workspace-organizers/literature-sorters/",""
"8164","Shredders & Accessories","/office/shredders-accessories/",""
"8165","Shredder Lubricants","/office/shredders-accessories/shredder-lubricants/",""
"8166","Shredder Bags","/office/shredders-accessories/shredder-bags/",""
"8167","Shredders","/office/shredders-accessories/shredders/",""
"8168","Monitor Filters","/office/technology/computer-hardware-accessories/monitor-filters/",""
"8169","Binding Machines","/office/binders-binding-supplies/binding-machines/",""
"8170","Binding Spines","/office/binders-binding-supplies/binding-spines/",""
"8171","Binding Systems Covers","/office/binders-binding-supplies/binding-systems-covers/",""
"8172","Tape Dispensers","/office/tape-adhesives-fasteners/tape-dispensers/",""
"8173","CPU Holders","/office/furniture/desks-workstations/cpu-holders/",""
"8174","Desktop Sorting Racks\Space Savers","/office/desk-accessories-workspace-organizers/desktop-sorting-racks-space-savers/",""
"8175","Air Cleaner Machines","/janitorial-sanitation/air-cleaners-fans-heaters-humidifiers/air-cleaner-machines/",""
"8176","Media Trays\Racks","/office/technology/data-storage-media-supplies/media-trays-racks/",""
"8177","Jewel Cases","/office/technology/data-storage-media-supplies/jewel-cases/",""
"8178","Computer Keyboards & Mice","/office/technology/computer-keyboards-mice/",""
"8179","Mice","/office/technology/computer-keyboards-mice/mice/",""
"8180","Keyboards","/office/technology/computer-keyboards-mice/keyboards/",""
"8181","Keyboard & Mouse Combinations","/office/technology/computer-keyboards-mice/keyboard-mouse-combinations/",""
"8182","Dustcovers","/office/general-office-accessories/dustcovers/",""
"8183","Storage Cabinet Accessories","/office/furniture/file-storage-cabinets/storage-cabinet-accessories/",""
"8184","Safes","/office/cash-handling/safes/",""
"8185","Half-caffeinated","/food-service/coffee/half-caffeinated/",""
"8186","Handsaws & Sets","/janitorial-sanitation/industrial/hand-tools/handsaws-sets/",""
"8187","Lawn & Garden Tools","/janitorial-sanitation/industrial/hand-tools/lawn-garden-tools/",""
"8188","Cameras, Camcorders & Accessories","/office/technology/cameras-camcorders-accessories/",""
"8189","Cameras","/office/technology/cameras-camcorders-accessories/cameras/",""
"8190","Binding Kits","/office/binders-binding-supplies/binding-kits/",""
"8191","Staple Removers","/office/staplers-punches/staple-removers/",""
"8192","Push Pins","/office/tape-adhesives-fasteners/push-pins/",""
"8193","Resume\Stationery Paper","/office/paper-printable-media/resume-stationery-paper/",""
"8194","Document Holders","/office/paper-printable-media/document-holders/",""
"8195","Cocoa","/food-service/beverages-beverage-dispensers/cocoa/",""
"8196","Chain, Cable, Rope & Accessories","/janitorial-sanitation/industrial/material-handling/chain-cable-rope-accessories/",""
"8197","Cone Cups","/food-service/cups-lids/cone-cups/",""
"8198","Putty Knives & Scrapers","/janitorial-sanitation/industrial/hand-tools/putty-knives-scrapers/",""
"8199","Drilling & Fastening Tools","/janitorial-sanitation/industrial/power-tools/drilling-fastening-tools/",""
"8200","Drills, Drill Parts & Accessories","/janitorial-sanitation/industrial/power-tools/drilling-fastening-tools/drills-drill-parts-accessories/",""
"8201","Screwdrivers","/janitorial-sanitation/industrial/power-tools/drilling-fastening-tools/screwdrivers/",""
"8202","Heavy-Duty Soaps","/janitorial-sanitation/soaps-dispensers/heavy-duty-soaps/",""
"8203","Hand Sanitizer Accessories","/janitorial-sanitation/hand-sanitizers-dispensers/hand-sanitizer-accessories/",""
"8204","Sports Drinks","/food-service/beverages-beverage-dispensers/sports-drinks/",""
"8205","Waste Receptacles","/janitorial-sanitation/first-aid-health-supplies/waste-receptacles/",""
"8206","Repro Trash Bags","/janitorial-sanitation/trash-bags-can-liners/repro-trash-bags/",""
"8207","Data Cartridges Tapes","/office/technology/data-storage-media-supplies/data-cartridges-tapes/",""
"8208","Staple Cartridges for Printer\Fax\Copier","/office/technology/printing-supplies/staple-cartridges-for-printer-fax-copier/",""
"8209","Fusers","/office/technology/printing-supplies/fusers/",""
"8210","Transfer Rolls\Kits","/office/technology/printing-supplies/transfer-rolls-kits/",""
"8211","Placemats","/food-service/party-decorations/placemats/",""
"8212","Doilies","/food-service/party-decorations/doilies/",""
"8213","Bakery Boxes & Containers","/food-service/food-trays-containers-lids/bakery-boxes-containers/",""
"8214","Art Inks","/office/crafts-recreation-room-products/art-inks/",""
"8215","Air Purifier Filters","/janitorial-sanitation/air-cleaners-fans-heaters-humidifiers/air-purifier-filters/",""
"8216","Desk Pad Refills","/office/desk-accessories-workspace-organizers/desk-pad-refills/",""
"8217","Feminine Care Products","/janitorial-sanitation/personal-hygiene-products/feminine-care-products/",""
"8218","Humidifier Filters","/janitorial-sanitation/air-cleaners-fans-heaters-humidifiers/humidifier-filters/",""
"8219","Caterware","/food-service/food-trays-containers-lids/caterware/",""
"8220","File Folders","/office/file-folders-portable-storage-box-files/file-folders/",""
"8221","Cash Drawers\Boxes\Trays","/office/cash-handling/cash-drawers-boxes-trays/",""
"8222","File Guides","/office/file-folders-portable-storage-box-files/file-guides/",""
"8223","Mobile Devices and Accessories","/office/technology/mobile-devices-and-accessories/",""
"8224","Mobile Device Accessories","/office/technology/mobile-devices-and-accessories/mobile-device-accessories/",""
"8225","Clocks","/office/furniture/room-accessories/clocks/",""
"8226","Creamers","/food-service/breakroom-supplies/creamers/",""
"8227","Insect Repellents","/janitorial-sanitation/first-aid-health-supplies/insect-repellents/",""
"8228","Microfiber Mops, Pads & Handles","/janitorial-sanitation/mops-equipment/microfiber-mops-pads-handles/",""
"8229","Telephone Accessories","/office/technology/telephones-telephone-accessories/telephone-accessories/",""
"8230","CDs\DVDs","/office/technology/data-storage-media-supplies/cds-dvds/",""
"8231","Presenters","/office/technology/audio-visual-equipment-accessories/presenters/",""
"8232","Print Servers\Network Cards","/office/technology/computer-hardware-accessories/print-servers-network-cards/",""
"8233","Food Warming","/food-service/food-warming/","https://cdn11.bigcommerce.com/s-4ryvx738h/product_images/j/food%20warming__12976.jpg"
"8234","Butane Stoves & Lighters","/food-service/food-warming/butane-stoves-lighters/",""
"8235","First Aid Cotton","/janitorial-sanitation/first-aid-health-supplies/first-aid-cotton/",""
"8236","Smoke\CO Detectors","/janitorial-sanitation/safety-security/smoke-co-detectors/",""
"8237","Fire Extinguishers","/janitorial-sanitation/safety-security/fire-extinguishers/",""
"8238","Baby Changing Stations","/janitorial-sanitation/first-aid-health-supplies/baby-changing-stations/",""
"8239","Hand Tool Organizers & Belts","/janitorial-sanitation/industrial/hand-tools/hand-tool-organizers-belts/",""
"8240","Stands","/office/furniture/carts-stands/stands/",""
"8241","Electronics","/office/technology/electronics/",""
"8242","Two-Way Radios","/office/technology/electronics/two-way-radios/",""
"8243","Moisteners","/office/general-office-accessories/moisteners/",""
"8244","Postal Stamp Dispensers","/office/desk-accessories-workspace-organizers/postal-stamp-dispensers/",""
"8245","Fingertip Pads","/office/general-office-accessories/fingertip-pads/",""
"8246","Chalk Holders","/office/writing-correction-supplies/chalk-holders/",""
"8247","Pins","/office/tape-adhesives-fasteners/pins/",""
"8248","Web Cameras\Webcams","/office/technology/computer-hardware-accessories/web-cameras-webcams/",""
"8249","Speakers","/office/technology/electronics/speakers/",""
"8250","Doorstops","/janitorial-sanitation/facility-maintenance/doorstops/",""
"8251","Surface Protectors","/office/furniture/desks-workstations/surface-protectors/",""
"8252","Cassettes","/office/technology/data-storage-media-supplies/cassettes/",""
"8253","Diapers","/janitorial-sanitation/personal-hygiene-products/diapers/",""
"8254","First Aid Tongue Depressors","/janitorial-sanitation/first-aid-health-supplies/first-aid-tongue-depressors/",""
"8255","Crutches","/janitorial-sanitation/first-aid-health-supplies/crutches/",""
"8256","Wheelchairs","/janitorial-sanitation/first-aid-health-supplies/wheelchairs/",""
"8257","Drape Sheets","/janitorial-sanitation/first-aid-health-supplies/drape-sheets/",""
"8258","Apparel","/janitorial-sanitation/safety-security/apparel/",""
"8259","Tablecloths","/janitorial-sanitation/first-aid-health-supplies/tablecloths/",""
"8260","Pillowcases","/janitorial-sanitation/first-aid-health-supplies/pillowcases/",""
"8261","Room ID Flag Systems","/janitorial-sanitation/first-aid-health-supplies/room-id-flag-systems/",""
"8262","Safety & Security Other","/janitorial-sanitation/industrial/safety-security/safety-security-other/",""
"8263","Cutlery Dispensers","/food-service/cutlery/cutlery-dispensers/",""
"8264","Bridges","/office/furniture/desks-workstations/bridges/",""
"8265","Cash\Coin Counters","/office/cash-handling/cash-coin-counters/",""
"8266","Cash Bags","/office/cash-handling/cash-bags/",""
"8267","Transit Sacks","/office/envelopes-mailers-shipping-supplies/transit-sacks/",""
"8268","Tool Storage & Organizers","/janitorial-sanitation/hardware-tools-accessories/tool-storage-organizers/",""
"8269","Self-Stick Pads","/office/paper-printable-media/self-stick-pads/",""
"8270","Page Flags","/office/desk-accessories-workspace-organizers/page-flags/",""
"8271","Lint Rollers","/janitorial-sanitation/laundry-products/lint-rollers/",""
"8272","Traffic Safety","/janitorial-sanitation/industrial/safety-security/traffic-safety/",""
"8273","Self-Stick Pad Dispensers","/office/desk-accessories-workspace-organizers/self-stick-pad-dispensers/",""
"8274","Sweepers","/janitorial-sanitation/floor-carpet-care/sweepers/",""
"8275","Hook & Loop Fasteners","/office/tape-adhesives-fasteners/hook-loop-fasteners/",""
"8276","Tag Attacher Guns\Kits","/office/tape-adhesives-fasteners/tag-attacher-guns-kits/",""
"8277","Tag Attacher Gun Needles","/office/tape-adhesives-fasteners/tag-attacher-gun-needles/",""
"8278","Outdoor Waste Receptacles","/janitorial-sanitation/waste-receptacles-lids/outdoor-waste-receptacles/",""
"8279","Pencil Grips\Grippers","/office/writing-correction-supplies/pencil-grips-grippers/",""
"8280","Check Writers","/office/cash-handling/check-writers/",""
"8281","Specialty Paper","/office/binders-binding-supplies/specialty-paper/",""
"8282","Soft Drinks","/food-service/beverages-beverage-dispensers/soft-drinks/",""
"8283","Pet Foods","/food-service/food/pet-foods/",""
"8284","Desktop Message\Memo Pad Holders","/office/desk-accessories-workspace-organizers/desktop-message-memo-pad-holders/",""
"8285","Housewares","/food-service/kitchen-supplies/housewares/",""
"8286","Borders & Trims","/office/crafts-recreation-room-products/borders-trims/",""
"8287","Yarns","/office/crafts-recreation-room-products/yarns/",""
"8288","Sentence Strips","/office/classroom-teaching-learning-materials/sentence-strips/",""
"8289","Pencil Leads","/office/writing-correction-supplies/pencil-leads/",""
"8290","Mailroom Scales","/office/pack-ship/mailroom-scales/",""
"8291","Thermometers","/janitorial-sanitation/industrial/measuring-leveling-tools/thermometers/",""
"8292","Oil Pastels","/office/crafts-recreation-room-products/oil-pastels/",""
"8293","Hanging File Folders","/office/file-folders-portable-storage-box-files/hanging-file-folders/",""
"8294","Hanging File Frames","/office/file-folders-portable-storage-box-files/hanging-file-frames/",""
"8295","Shavers","/janitorial-sanitation/personal-hygiene-products/shavers/",""
"8296","Specialty Products","/janitorial-sanitation/industrial/chemicals-lubricants-paints/specialty-products/",""
"8297","Tickets","/office/tags-tickets/tickets/",""
"8298","Folding Machines","/office/pack-ship/folding-machines/",""
"8299","Rubber Roller Cleaners","/office/pack-ship/rubber-roller-cleaners/",""
"8300","Monitors","/office/technology/computer-hardware-accessories/monitors/",""
"8301","Transcription & Transcription Accessories","/office/technology/transcription-transcription-accessories/",""
"8302","Transcriber\Dictation Machines","/office/technology/transcription-transcription-accessories/transcriber-dictation-machines/",""
"8303","Transcription Kits","/office/technology/transcription-transcription-accessories/transcription-kits/",""
"8304","Projection Screens","/office/technology/audio-visual-equipment-accessories/projection-screens/",""
"8305","Nameplates","/office/furniture/room-accessories/nameplates/",""
"8306","File & Storage Cabinets","/office/file-storage-cabinets/",""
"8307","Map Hangers","/office/file-storage-cabinets/map-hangers/",""
"8308","Strings\Twines","/office/pack-ship/strings-twines/",""
"8309","Hamper & Laundry Bags","/janitorial-sanitation/laundry-products/hamper-laundry-bags/",""
"8310","Waste Receptacle Accessories & Dollies","/janitorial-sanitation/waste-receptacles-lids/waste-receptacle-accessories-dollies/",""
"8311","Service Carts & Accessories","/janitorial-sanitation/trucks-carts-dollies/service-carts-accessories/",""
"8312","Scoops","/food-service/kitchen-supplies/scoops/",""
"8313","Racks & Carts","/food-service/kitchen-supplies/racks-carts/",""
"8314","Rigid Liners","/janitorial-sanitation/waste-receptacles-lids/rigid-liners/",""
"8315","Plumbing Equipment","/janitorial-sanitation/industrial/plumbing-equipment/",""
"8316","Plumbing Parts & Accessories","/janitorial-sanitation/industrial/plumbing-equipment/plumbing-parts-accessories/",""
"8317","Barriers","/janitorial-sanitation/safety-security/barriers/",""
"8318","Finish Mops & Applicators","/janitorial-sanitation/mops-equipment/finish-mops-applicators/",""
"8319","Adhesives, Sealants & Tapes","/janitorial-sanitation/industrial/adhesives-sealants-tapes/",""
"8320","Sealing Products","/janitorial-sanitation/industrial/adhesives-sealants-tapes/sealing-products/",""
"8321","Cleaning Cartridges","/office/technology/data-storage-media-supplies/cleaning-cartridges/",""
"8322","Drawer Organizers","/office/desk-accessories-workspace-organizers/drawer-organizers/",""
"8323","Chef Hats","/food-service/apparel/chef-hats/",""
"8324","Napkin Bands","/food-service/napkins-dispensers-towelettes/napkin-bands/",""
"8325","Roll File Organizers","/office/file-storage-cabinets/roll-file-organizers/",""
"8326","Table Bases\Legs","/office/furniture/tables/table-bases-legs/",""
"8327","Suggestion Box Cards","/office/paper-printable-media/suggestion-box-cards/",""
"8328","Suggestion Boxes","/office/general-office-accessories/suggestion-boxes/",""
"8329","Interoffice Mailboxes","/office/general-office-accessories/interoffice-mailboxes/",""
"8330","Sheet File Racks\Clamps","/office/file-storage-cabinets/sheet-file-racks-clamps/",""
"8331","Literature Sorter Accessories","/office/desk-accessories-workspace-organizers/literature-sorter-accessories/",""
"8332","Mirrors","/janitorial-sanitation/safety-security/mirrors/",""
"8333","Packaging Materials","/office/envelopes-mailers-shipping-supplies/packaging-materials/",""
"8334","Cash Registers","/office/cash-handling/cash-registers/",""
"8335","Cup Dispensers","/food-service/cups-lids/cup-dispensers/",""
"8336","Cutting Boards","/food-service/kitchen-supplies/cutting-boards/",""
"8337","Label Protectors","/office/tape-adhesives-fasteners/label-protectors/",""
"8338","Canned Heat","/food-service/food-warming/canned-heat/",""
"8339","Candles","/food-service/party-decorations/candles/",""
"8340","Footwear","/janitorial-sanitation/safety-security/footwear/",""
"8341","Punch Accessories","/office/staplers-punches/punch-accessories/",""
"8342","Balloons","/office/crafts-recreation-room-products/balloons/",""
"8343","Door Bells\Chimes","/janitorial-sanitation/safety-security/door-bells-chimes/",""
"8344","Safety Batons","/janitorial-sanitation/safety-security/safety-batons/",""
"8345","Stickers","/office/labels-stickers/stickers/",""
"8346","Book Markers","/office/calendars-planners-personal-organizers/book-markers/",""
"8347","Posters","/office/furniture/room-accessories/posters/",""
"8348","Memo Sheets","/office/paper-printable-media/memo-sheets/",""
"8349","Switches","/office/technology/networking-cables-accessories/switches/",""
"8350","Network Racks & Components","/office/technology/networking-cables-accessories/network-racks-components/",""
"8351","Hubs","/office/technology/computer-hardware-accessories/hubs/",""
"8352","Stretch Films","/office/envelopes-mailers-shipping-supplies/stretch-films/",""
"8353","Extension Poles & Handles","/janitorial-sanitation/cleaning-tools/extension-poles-handles/",""
"8354","Calendar Bases","/office/desk-accessories-workspace-organizers/calendar-bases/",""
"8355","Call Bells","/office/general-office-accessories/call-bells/",""
"8356","Computer Printout Paper","/office/technology/paper-printable-media/computer-printout-paper/",""
"8357","Film Dispensers","/office/pack-ship/film-dispensers/",""
"8358","USB\Jump Drives","/office/technology/data-storage-media-supplies/usb-jump-drives/",""
"8359","Memory Cards","/office/technology/data-storage-media-supplies/memory-cards/",""
"8360","Computer Drives","/office/technology/data-storage-media-supplies/computer-drives/",""
"8361","Card Readers","/office/technology/data-storage-media-supplies/card-readers/",""
"8362","Paint & Paint Supplies","/janitorial-sanitation/industrial/chemicals-lubricants-paints/paint-paint-supplies/",""
"8363","Restroom Accessories","/janitorial-sanitation/restroom-cleaners-accessories/restroom-accessories/",""
"8364","Defibrillator Pads","/janitorial-sanitation/first-aid-health-supplies/defibrillator-pads/",""
"8365","#N","/n/",""
"8366","A","/n/a/",""
